{"heat_x": [0.0034182191078448135, 0.0032943501894251363, 0.0032357223750202235, 0.003179144810046098, 0.0031343049678733744, 0.0030907124092103234, 0.0030717247734602985, 0.0030529690123645248, 0.00303444090426339, 0.0030161363293620875, 0.003007066606525335, 0.0029980512666766606], "heat_y": [-3.970922476593114, -2.9078425335636826, -2.650532800006244, -2.4584700639757076, -2.2792670084230426, -2.136197612918664, -1.9698167524549408, -1.8350585625785174, -1.7227405395880662, -1.6271233156807907, -1.5334295672595397, -1.4520974134678823], "cool_x": [0.003420557550880794, 0.0034922297887200983, 0.003504468196951113], "cool_y": [-2.9027168310692555, -3.218210797537843, -5.008886166984358], "lit_x": [0.0036609921288669233, 0.0035951824555096176, 0.003531696980399082, 0.00347041471455839, 0.003411222923418046, 0.0033540164346805303, 0.003298697014679202, 0.0032451728054518907, 0.003193357815743254, 0.0031431714600031434, 0.0030945381401825778, 0.0030473868657626088, 0.0030016509079994, 0.0029572674848440043, 0.002914177473408131, 0.002872325147206664, 0.002831657935721365, 0.002792126204104426, 0.002753683051080821, 0.0027162841233192994, 0.0026798874447273215], "lit_y": [-5.024476295075969, -4.687491281682549, -4.36240755783154, -4.048605587367694, -3.745508101654446, -3.4525765554251233, -3.1693079333663245, -2.8952318675969533, -2.6299080312949084, -2.3729237780920993, -2.123892000618911, -1.8824491848240168, -1.6482536395017284, -1.4209838828922106, -1.2003371703336754, -0.9860281487864455, -0.777787625654824, -0.5753614407371241, -0.3785094313644528, -0.1870044818688061, -0.0006316494707245392], "anchor_x": 0.0036608581051398447, "anchor_y": -5.083406678490725, "case_a": {"slope": -5410.456040982119, "intercept": 14.710524763055927, "dH": 44.98253152472534, "P_triple": 0.006118813418780935}, "case_b": {"slope": -5121.959910372782, "intercept": 13.64194429286033, "dH": 42.58397469483931, "P_triple": 0.006043184570381616}, "case_c": {"slope": -5175.748683355691, "intercept": 13.86265716123991, "dH": 43.03117455341921, "P_triple": 0.006188736353196173}, "case_d": {"slope": -5363.658734925748, "intercept": 14.52565566944101, "dT": 1.1, "dH": 44.59345872217267, "P_triple": 0.006036457875492912}}